,category
1566,IMPACT
4710,PARENTING
5763,PARENTING
7117,PARENTING
2957,IMPACT
5031,PARENTING
4964,PARENTING
3486,IMPACT
4979,PARENTING
2880,PARENTING
7090,PARENTING
3829,PARENTING
1852,PARENTING
5110,PARENTING
825,PARENTING
6500,IMPACT
1736,PARENTING
1735,PARENTING
2838,PARENTING
1730,PARENTING
3476,IMPACT
6451,PARENTING
7855,IMPACT
1994,PARENTING
2695,PARENTING
3452,IMPACT
2439,IMPACT
891,PARENTING
5390,PARENTING
7614,PARENTING
4546,PARENTING
855,PARENTING
6507,PARENTING
5922,PARENTING
5908,PARENTING
1853,PARENTING
3770,IMPACT
1586,PARENTING
1500,IMPACT
3039,IMPACT
1160,PARENTING
243,IMPACT
5013,IMPACT
5095,PARENTING
5055,PARENTING
2139,PARENTING
5076,IMPACT
341,PARENTING
7759,PARENTING
7324,PARENTING
4314,PARENTING
5871,PARENTING
7521,IMPACT
3360,PARENTING
1304,PARENTING
5121,PARENTING
7590,PARENTING
7929,PARENTING
5881,IMPACT
4394,PARENTING
5380,PARENTING
1247,PARENTING
417,PARENTING
2347,PARENTING
4719,PARENTING
5511,PARENTING
7407,PARENTING
3307,PARENTING
3064,PARENTING
1695,PARENTING
6118,IMPACT
2623,PARENTING
7012,IMPACT
7514,PARENTING
1748,PARENTING
7883,PARENTING
3573,PARENTING
2011,IMPACT
4732,PARENTING
4711,PARENTING
1971,IMPACT
1176,IMPACT
125,PARENTING
3378,PARENTING
331,PARENTING
1270,PARENTING
6557,IMPACT
5497,PARENTING
1207,PARENTING
2296,PARENTING
3944,PARENTING
3689,PARENTING
1421,IMPACT
2361,PARENTING
2486,PARENTING
3012,PARENTING
4177,PARENTING
4617,IMPACT
1982,PARENTING
3911,PARENTING
3645,PARENTING
3609,IMPACT
7987,PARENTING
1745,IMPACT
82,IMPACT
7408,IMPACT
5235,PARENTING
6774,PARENTING
3306,PARENTING
2318,PARENTING
2151,PARENTING
1672,IMPACT
2769,IMPACT
1312,PARENTING
1195,PARENTING
6201,PARENTING
2087,PARENTING
3027,PARENTING
2898,PARENTING
4363,PARENTING
4993,PARENTING
6942,PARENTING
2921,IMPACT
1384,PARENTING
6006,PARENTING
1761,PARENTING
7522,IMPACT
3363,IMPACT
2630,PARENTING
3197,PARENTING
6395,PARENTING
6444,PARENTING
4076,PARENTING
4195,IMPACT
7801,PARENTING
330,PARENTING
2069,PARENTING
3709,PARENTING
1184,PARENTING
4876,PARENTING
2642,IMPACT
7482,IMPACT
6731,PARENTING
1375,PARENTING
3497,PARENTING
5889,IMPACT
4192,PARENTING
2812,PARENTING
4340,PARENTING
6123,PARENTING
7169,PARENTING
2056,PARENTING
4503,PARENTING
4213,PARENTING
1435,PARENTING
1827,IMPACT
360,PARENTING
6991,PARENTING
2466,PARENTING
7234,PARENTING
4454,IMPACT
6523,IMPACT
3194,IMPACT
1179,PARENTING
5358,PARENTING
1191,PARENTING
4160,PARENTING
4053,PARENTING
5208,PARENTING
4484,IMPACT
1288,PARENTING
2258,PARENTING
4609,IMPACT
6347,PARENTING
4335,PARENTING
181,PARENTING
1658,PARENTING
312,PARENTING
7676,PARENTING
3116,PARENTING
2541,PARENTING
4471,PARENTING
2028,PARENTING
7720,PARENTING
721,IMPACT
7981,PARENTING
789,PARENTING
4997,IMPACT
287,PARENTING
2419,PARENTING
7156,PARENTING
6470,IMPACT
419,PARENTING
2711,IMPACT
6080,PARENTING
4047,IMPACT
5309,PARENTING
1289,IMPACT
7609,PARENTING
5974,PARENTING
3241,PARENTING
5459,PARENTING
6805,PARENTING
5752,PARENTING
7178,PARENTING
5582,PARENTING
3552,IMPACT
1024,PARENTING
2299,PARENTING
140,PARENTING
6790,PARENTING
1961,PARENTING
1856,PARENTING
2580,PARENTING
6345,PARENTING
6851,PARENTING
5287,IMPACT
5985,PARENTING
6804,PARENTING
879,IMPACT
3942,PARENTING
7289,PARENTING
7153,PARENTING
7430,PARENTING
690,IMPACT
3799,PARENTING
4095,IMPACT
7643,PARENTING
469,IMPACT
1196,IMPACT
6721,PARENTING
7845,PARENTING
6311,PARENTING
2348,PARENTING
3765,PARENTING
3797,IMPACT
5899,PARENTING
4821,PARENTING
5016,PARENTING
2437,PARENTING
2961,PARENTING
6725,PARENTING
3349,PARENTING
5273,PARENTING
806,PARENTING
3750,PARENTING
4496,PARENTING
4528,PARENTING
4635,PARENTING
1031,IMPACT
2763,PARENTING
3429,IMPACT
1630,PARENTING
4096,PARENTING
3046,PARENTING
1675,PARENTING
2774,PARENTING
2159,PARENTING
5930,PARENTING
4845,PARENTING
4346,PARENTING
670,PARENTING
3079,IMPACT
3795,IMPACT
2924,PARENTING
7732,PARENTING
1177,PARENTING
7523,PARENTING
3742,PARENTING
1710,PARENTING
3877,PARENTING
4185,PARENTING
906,PARENTING
2335,IMPACT
6732,PARENTING
5631,IMPACT
533,PARENTING
4091,PARENTING
5705,PARENTING
3308,IMPACT
2753,PARENTING
3824,PARENTING
4788,PARENTING
3529,PARENTING
837,PARENTING
133,PARENTING
483,PARENTING
2241,IMPACT
6475,PARENTING
5893,IMPACT
1666,PARENTING
5851,PARENTING
1642,IMPACT
4304,PARENTING
1534,PARENTING
4009,IMPACT
5253,PARENTING
2142,PARENTING
1392,PARENTING
4983,PARENTING
1544,PARENTING
7179,PARENTING
7414,PARENTING
5275,IMPACT
1589,PARENTING
3726,IMPACT
6129,PARENTING
6837,PARENTING
6344,PARENTING
6708,IMPACT
1229,PARENTING
5691,PARENTING
1458,PARENTING
3553,PARENTING
5595,PARENTING
6935,PARENTING
4482,PARENTING
1798,PARENTING
1550,IMPACT
783,PARENTING
6051,PARENTING
638,IMPACT
1100,PARENTING
6631,PARENTING
88,PARENTING
18,PARENTING
3874,PARENTING
3016,PARENTING
1763,IMPACT
7780,PARENTING
2594,PARENTING
4941,PARENTING
1608,IMPACT
7837,PARENTING
6140,PARENTING
2277,PARENTING
1847,PARENTING
53,PARENTING
2591,PARENTING
5105,PARENTING
1662,IMPACT
1468,PARENTING
4574,PARENTING
7552,PARENTING
2831,PARENTING
2476,PARENTING
5056,PARENTING
5503,PARENTING
1374,IMPACT
1164,PARENTING
2510,PARENTING
4893,PARENTING
6392,PARENTING
7670,PARENTING
6845,PARENTING
3134,PARENTING
5422,PARENTING
2781,IMPACT
3493,PARENTING
6097,PARENTING
4691,IMPACT
7494,IMPACT
7034,PARENTING
442,IMPACT
292,IMPACT
3887,PARENTING
657,PARENTING
4144,PARENTING
1005,PARENTING
3882,PARENTING
4921,PARENTING
7015,PARENTING
1307,IMPACT
7689,PARENTING
7187,PARENTING
4518,PARENTING
7722,PARENTING
5823,IMPACT
1619,PARENTING
3444,IMPACT
217,IMPACT
635,PARENTING
6911,IMPACT
1478,PARENTING
7905,IMPACT
1490,PARENTING
4200,PARENTING
7397,PARENTING
6206,PARENTING
1016,IMPACT
5004,IMPACT
5603,PARENTING
2726,PARENTING
7669,PARENTING
6486,PARENTING
2178,PARENTING
2658,PARENTING
912,PARENTING
7962,PARENTING
7810,PARENTING
3101,PARENTING
5897,PARENTING
671,IMPACT
5821,IMPACT
6626,IMPACT
3188,PARENTING
7584,PARENTING
969,PARENTING
1996,PARENTING
245,PARENTING
3563,IMPACT
6746,IMPACT
6397,PARENTING
807,PARENTING
5734,PARENTING
5167,PARENTING
3355,PARENTING
7792,PARENTING
2900,PARENTING
667,PARENTING
5907,PARENTING
5356,PARENTING
6482,PARENTING
3949,PARENTING
2899,PARENTING
2480,IMPACT
4772,PARENTING
7120,PARENTING
7782,PARENTING
2406,PARENTING
1854,IMPACT
3919,PARENTING
242,PARENTING
5997,IMPACT
3159,PARENTING
4184,PARENTING
2569,PARENTING
7026,PARENTING
573,IMPACT
2491,PARENTING
3074,PARENTING
876,PARENTING
3910,PARENTING
4712,IMPACT
4384,PARENTING
588,PARENTING
4949,PARENTING
4861,PARENTING
4045,IMPACT
2862,IMPACT
2792,PARENTING
2944,IMPACT
4161,PARENTING
4945,IMPACT
3040,IMPACT
2008,PARENTING
4996,PARENTING
7128,PARENTING
361,IMPACT
1355,PARENTING
4889,PARENTING
1116,PARENTING
3880,IMPACT
4789,PARENTING
63,PARENTING
2259,PARENTING
2096,IMPACT
4097,PARENTING
4031,IMPACT
1064,PARENTING
2808,PARENTING
2431,PARENTING
7762,PARENTING
6763,PARENTING
7207,IMPACT
7875,PARENTING
5449,PARENTING
5593,PARENTING
367,PARENTING
4331,IMPACT
4959,PARENTING
6349,PARENTING
5935,IMPACT
1060,PARENTING
4403,PARENTING
1709,PARENTING
5421,PARENTING
2002,PARENTING
7716,IMPACT
3697,PARENTING
1683,PARENTING
1190,IMPACT
6815,PARENTING
7769,PARENTING
4869,IMPACT
6232,IMPACT
5100,PARENTING
7013,IMPACT
4424,PARENTING
2892,PARENTING
6945,PARENTING
7044,PARENTING
7074,IMPACT
3917,PARENTING
2057,PARENTING
1828,IMPACT
2721,PARENTING
4775,PARENTING
2631,PARENTING
5916,IMPACT
2547,PARENTING
3685,IMPACT
6719,IMPACT
5154,PARENTING
6418,PARENTING
4536,IMPACT
6781,PARENTING
4375,PARENTING
3312,PARENTING
6608,PARENTING
7088,PARENTING
272,PARENTING
5457,PARENTING
3143,IMPACT
7246,PARENTING
3668,PARENTING
1128,PARENTING
4212,PARENTING
7623,IMPACT
3637,PARENTING
7900,IMPACT
2775,IMPACT
6846,PARENTING
575,PARENTING
2506,IMPACT
4615,PARENTING
3653,PARENTING
6106,PARENTING
6496,PARENTING
7554,PARENTING
5183,IMPACT
430,PARENTING
4697,IMPACT
6994,PARENTING
993,PARENTING
2886,PARENTING
1050,PARENTING
6241,IMPACT
1483,IMPACT
3859,IMPACT
871,PARENTING
5049,PARENTING
3556,PARENTING
931,PARENTING
7901,PARENTING
7714,PARENTING
3362,PARENTING
839,PARENTING
6679,PARENTING
1224,IMPACT
616,PARENTING
6030,PARENTING
3320,PARENTING
228,PARENTING
3400,PARENTING
382,IMPACT
7218,IMPACT
46,PARENTING
1194,PARENTING
97,PARENTING
6238,IMPACT
357,PARENTING
1386,PARENTING
2193,IMPACT
5315,PARENTING
5484,PARENTING
2684,PARENTING
830,PARENTING
550,PARENTING
7359,IMPACT
4986,IMPACT
1087,PARENTING
4272,PARENTING
3348,PARENTING
4913,PARENTING
718,IMPACT
1440,IMPACT
1871,PARENTING
611,PARENTING
4227,IMPACT
6341,PARENTING
3945,PARENTING
55,PARENTING
3980,PARENTING
4700,IMPACT
5082,IMPACT
683,PARENTING
6766,PARENTING
7637,PARENTING
4715,PARENTING
4050,IMPACT
5220,IMPACT
68,PARENTING
3585,PARENTING
7131,PARENTING
1127,PARENTING
7411,PARENTING
3242,PARENTING
4285,IMPACT
3846,IMPACT
7529,PARENTING
4570,PARENTING
305,IMPACT
5624,PARENTING
1413,PARENTING
5796,PARENTING
7784,IMPACT
4602,PARENTING
3622,PARENTING
7435,PARENTING
6839,PARENTING
204,PARENTING
2076,PARENTING
7100,PARENTING
4564,PARENTING
5140,PARENTING
4203,IMPACT
1477,IMPACT
7887,PARENTING
7921,PARENTING
4731,IMPACT
5909,IMPACT
306,PARENTING
4079,PARENTING
6258,PARENTING
3144,PARENTING
4421,PARENTING
1336,PARENTING
2779,PARENTING
6629,PARENTING
2559,PARENTING
7509,IMPACT
1098,PARENTING
6961,PARENTING
4492,PARENTING
7772,PARENTING
6558,PARENTING
6157,PARENTING
314,PARENTING
6255,PARENTING
7312,PARENTING
3581,PARENTING
4196,PARENTING
7077,PARENTING
6656,IMPACT
5941,IMPACT
1639,PARENTING
6742,PARENTING
7630,PARENTING
5714,PARENTING
6133,PARENTING
3973,PARENTING
7413,PARENTING
5848,PARENTING
2359,PARENTING
3110,PARENTING
5281,PARENTING
75,PARENTING
4042,PARENTING
7134,PARENTING
3722,PARENTING
5568,PARENTING
1358,PARENTING
1593,PARENTING
1078,PARENTING
1536,PARENTING
5919,IMPACT
728,PARENTING
5579,PARENTING
3589,PARENTING
7528,PARENTING
4864,PARENTING
3961,PARENTING
7356,PARENTING
5453,PARENTING
7830,PARENTING
1023,PARENTING
3536,PARENTING
5431,IMPACT
359,PARENTING
5539,IMPACT
4041,PARENTING
5189,IMPACT
4166,PARENTING
3051,PARENTING
6094,PARENTING
1249,PARENTING
6234,PARENTING
2918,PARENTING
6735,PARENTING
2363,PARENTING
3034,PARENTING
4892,PARENTING
6437,IMPACT
6986,PARENTING
882,PARENTING
2552,PARENTING
2430,IMPACT
6396,PARENTING
2688,PARENTING
4777,IMPACT
1048,PARENTING
5860,PARENTING
4092,PARENTING
6984,PARENTING
5133,PARENTING
5623,PARENTING
883,PARENTING
3792,PARENTING
1882,PARENTING
5553,PARENTING
719,IMPACT
1334,PARENTING
3436,PARENTING
4500,PARENTING
836,PARENTING
3688,PARENTING
4505,PARENTING
4569,IMPACT
3091,PARENTING
3924,IMPACT
4386,PARENTING
2558,PARENTING
3591,PARENTING
3399,IMPACT
4721,IMPACT
3571,PARENTING
6449,PARENTING
599,IMPACT
2086,IMPACT
2587,PARENTING
6779,PARENTING
3651,PARENTING
4062,PARENTING
4094,PARENTING
4152,PARENTING
2796,PARENTING
4809,PARENTING
3455,PARENTING
6602,PARENTING
2674,PARENTING
1604,IMPACT
4539,PARENTING
3407,PARENTING
827,PARENTING
126,PARENTING
2248,PARENTING
2071,PARENTING
4389,IMPACT
2120,PARENTING
2328,PARENTING
79,PARENTING
3420,IMPACT
1273,PARENTING
7459,PARENTING
5032,PARENTING
2615,PARENTING
5727,PARENTING
2368,PARENTING
1401,IMPACT
2475,PARENTING
2040,PARENTING
2270,IMPACT
5435,PARENTING
5177,PARENTING
2882,PARENTING
1226,PARENTING
1858,PARENTING
5231,PARENTING
6647,PARENTING
4339,PARENTING
2369,IMPACT
6710,PARENTING
7453,PARENTING
5199,PARENTING
6261,IMPACT
7495,PARENTING
57,PARENTING
2519,PARENTING
3705,PARENTING
4621,PARENTING
1152,PARENTING
5444,PARENTING
6480,PARENTING
2445,PARENTING
7876,PARENTING
4874,IMPACT
517,PARENTING
1751,PARENTING
4665,PARENTING
3873,PARENTING
4480,PARENTING
1685,IMPACT
4141,PARENTING
1073,PARENTING
6982,PARENTING
5474,PARENTING
117,PARENTING
7627,IMPACT
799,IMPACT
646,PARENTING
4172,IMPACT
6460,IMPACT
377,PARENTING
956,PARENTING
2995,PARENTING
1079,PARENTING
2367,IMPACT
5809,PARENTING
3587,PARENTING
910,PARENTING
5335,PARENTING
525,PARENTING
4329,PARENTING
1774,PARENTING
153,PARENTING
379,PARENTING
2619,PARENTING
3328,IMPACT
7790,PARENTING
5924,PARENTING
4115,IMPACT
248,PARENTING
7833,PARENTING
5044,PARENTING
4605,PARENTING
7665,PARENTING
2049,PARENTING
2856,PARENTING
5402,PARENTING
5759,PARENTING
7056,PARENTING
4083,PARENTING
4411,PARENTING
2659,IMPACT
2115,PARENTING
2523,PARENTING
4297,IMPACT
3851,PARENTING
4306,PARENTING
5168,PARENTING
555,IMPACT
5696,PARENTING
6394,PARENTING
2562,PARENTING
4412,PARENTING
4178,IMPACT
1869,PARENTING
1499,PARENTING
1555,PARENTING
35,PARENTING
1624,PARENTING
5573,PARENTING
7195,PARENTING
7730,PARENTING
643,PARENTING
2680,PARENTING
7806,PARENTING
3999,IMPACT
5992,PARENTING
3361,PARENTING
1296,PARENTING
6652,PARENTING
1584,PARENTING
2333,IMPACT
1423,PARENTING
2211,PARENTING
522,PARENTING
276,PARENTING
6540,PARENTING
7325,PARENTING
2599,PARENTING
2488,PARENTING
7505,PARENTING
6860,PARENTING
6989,PARENTING
1414,PARENTING
4077,PARENTING
1946,PARENTING
5678,PARENTING
7827,PARENTING
6105,PARENTING
1865,PARENTING
4104,PARENTING
3345,PARENTING
2426,PARENTING
4998,PARENTING
6919,PARENTING
755,IMPACT
2188,IMPACT
2074,PARENTING
1560,PARENTING
2182,IMPACT
7020,IMPACT
5861,PARENTING
7578,PARENTING
1457,PARENTING
6744,PARENTING
2462,PARENTING
7244,IMPACT
1101,PARENTING
7800,PARENTING
6152,PARENTING
6560,PARENTING
3438,PARENTING
1083,PARENTING
2145,PARENTING
2682,PARENTING
1475,PARENTING
4603,IMPACT
6254,PARENTING
4114,PARENTING
700,PARENTING
6224,IMPACT
5622,PARENTING
5685,PARENTING
6823,PARENTING
4726,IMPACT
1955,PARENTING
2616,IMPACT
7434,PARENTING
5841,PARENTING
4243,PARENTING
5671,IMPACT
3405,PARENTING
2153,IMPACT
5320,PARENTING
310,PARENTING
4628,IMPACT
5237,PARENTING
1793,PARENTING
984,IMPACT
4525,PARENTING
1762,PARENTING
4507,PARENTING
3154,PARENTING
1973,PARENTING
3189,PARENTING
4928,PARENTING
944,PARENTING
4263,IMPACT
4475,PARENTING
6385,PARENTING
1547,IMPACT
4896,PARENTING
6506,PARENTING
6800,PARENTING
5243,PARENTING
6621,PARENTING
1734,IMPACT
6291,IMPACT
5261,IMPACT
6892,PARENTING
1342,PARENTING
1714,PARENTING
4400,PARENTING
732,PARENTING
7185,PARENTING
4379,PARENTING
6957,PARENTING
909,PARENTING
4191,PARENTING
7071,PARENTING
500,PARENTING
5855,IMPACT
6821,PARENTING
2423,IMPACT
490,PARENTING
6510,PARENTING
7264,PARENTING
1716,PARENTING
6554,PARENTING
4638,IMPACT
6401,PARENTING
5482,PARENTING
630,PARENTING
4854,IMPACT
7633,PARENTING
5882,PARENTING
1832,PARENTING
7491,PARENTING
6520,PARENTING
7007,IMPACT
5801,PARENTING
603,IMPACT
1907,PARENTING
3928,IMPACT
5456,PARENTING
6478,PARENTING
1697,IMPACT
4662,IMPACT
426,PARENTING
7738,PARENTING
2210,IMPACT
2969,IMPACT
7500,PARENTING
3300,IMPACT
3210,PARENTING
1722,PARENTING
7919,PARENTING
1561,PARENTING
2574,PARENTING
3020,PARENTING
7467,IMPACT
6387,PARENTING
2136,IMPACT
7460,PARENTING
380,IMPACT
6765,PARENTING
6320,IMPACT
7977,IMPACT
3250,PARENTING
4573,PARENTING
3870,PARENTING
4733,PARENTING
1749,IMPACT
1323,PARENTING
6717,PARENTING
2760,IMPACT
3080,PARENTING
6627,IMPACT
327,PARENTING
2575,IMPACT
7951,PARENTING
2947,PARENTING
4646,PARENTING
339,IMPACT
6384,PARENTING
7468,PARENTING
5826,PARENTING
3648,IMPACT
2707,PARENTING
2481,PARENTING
4582,PARENTING
7292,PARENTING
7804,IMPACT
6662,PARENTING
447,PARENTING
2874,PARENTING
622,PARENTING
5164,PARENTING
776,PARENTING
4351,PARENTING
3501,IMPACT
2542,PARENTING
4523,PARENTING
6696,IMPACT
4534,PARENTING
4223,PARENTING
623,PARENTING
1434,PARENTING
7200,PARENTING
6598,PARENTING
6230,IMPACT
5621,IMPACT
4806,PARENTING
3881,PARENTING
6498,PARENTING
1259,PARENTING
4084,PARENTING
6171,PARENTING
2705,PARENTING
2949,PARENTING
6715,PARENTING
927,PARENTING
3955,IMPACT
666,IMPACT
7628,PARENTING
1664,PARENTING
5509,PARENTING
5085,IMPACT
3545,PARENTING
4179,IMPACT
5112,PARENTING
851,PARENTING
2617,PARENTING
6028,PARENTING
2787,PARENTING
717,PARENTING
3594,PARENTING
6985,IMPACT
4167,PARENTING
4485,PARENTING
772,PARENTING
7447,PARENTING
4154,PARENTING
1115,PARENTING
6802,PARENTING
1403,PARENTING
7432,PARENTING
7607,PARENTING
5131,PARENTING
1917,PARENTING
6022,IMPACT
5857,PARENTING
5754,PARENTING
7064,PARENTING
7270,PARENTING
6183,IMPACT
136,IMPACT
6932,PARENTING
3781,PARENTING
3926,IMPACT
7615,PARENTING
3388,PARENTING
1991,IMPACT
4580,PARENTING
5343,IMPACT
4217,PARENTING
5640,PARENTING
1253,PARENTING
1173,PARENTING
2336,PARENTING
1486,PARENTING
7229,IMPACT
1221,PARENTING
1080,PARENTING
7436,PARENTING
7647,PARENTING
862,PARENTING
4683,PARENTING
3912,IMPACT
3136,PARENTING
80,PARENTING
892,IMPACT
3054,PARENTING
7909,PARENTING
5179,IMPACT
7826,PARENTING
1174,PARENTING
1807,PARENTING
4139,PARENTING
1318,PARENTING
6809,IMPACT
5269,PARENTING
7736,PARENTING
3915,IMPACT
2467,PARENTING
2287,PARENTING
7217,PARENTING
3124,PARENTING
373,PARENTING
2912,PARENTING
5047,PARENTING
7079,PARENTING
3871,PARENTING
6960,IMPACT
5489,IMPACT
1936,PARENTING
6273,PARENTING
1822,PARENTING
1969,PARENTING
6829,IMPACT
288,PARENTING
3462,PARENTING
586,IMPACT
5604,PARENTING
1890,PARENTING
5522,IMPACT
5236,PARENTING
1466,IMPACT
7985,PARENTING
2412,PARENTING
2016,PARENTING
6061,IMPACT
2686,IMPACT
1758,PARENTING
2563,PARENTING
6315,IMPACT
6337,PARENTING
3997,PARENTING
801,PARENTING
6250,IMPACT
87,IMPACT
6601,IMPACT
1394,PARENTING
5477,PARENTING
2960,IMPACT
2518,IMPACT
406,PARENTING
2863,PARENTING
2877,IMPACT
3406,PARENTING
4039,PARENTING
1396,PARENTING
976,PARENTING
4953,PARENTING
3017,IMPACT
3045,IMPACT
3496,PARENTING
7440,PARENTING
6830,PARENTING
299,IMPACT
637,IMPACT
3071,PARENTING
3281,PARENTING
3730,PARENTING
5118,PARENTING
6712,PARENTING
4590,PARENTING
7575,PARENTING
5704,IMPACT
1240,PARENTING
7192,PARENTING
1789,PARENTING
5976,IMPACT
3971,PARENTING
5073,IMPACT
650,PARENTING
7520,PARENTING
7991,PARENTING
3422,PARENTING
1844,PARENTING
5890,PARENTING
6405,PARENTING
3415,PARENTING
774,PARENTING
105,IMPACT
3586,IMPACT
4596,PARENTING
4238,PARENTING
7373,PARENTING
7383,PARENTING
7673,IMPACT
7458,PARENTING
397,PARENTING
7766,IMPACT
4081,PARENTING
1390,IMPACT
4639,PARENTING
816,PARENTING
7364,PARENTING
4730,IMPACT
7540,PARENTING
2953,PARENTING
4608,PARENTING
3165,PARENTING
6689,IMPACT
6182,PARENTING
486,PARENTING
4622,PARENTING
7750,PARENTING
6756,PARENTING
3479,IMPACT
7602,PARENTING
2868,IMPACT
1743,PARENTING
2789,IMPACT
4559,PARENTING
2681,PARENTING
4951,PARENTING
3905,PARENTING
4803,PARENTING
2105,IMPACT
2525,IMPACT
4681,PARENTING
6088,PARENTING
3030,PARENTING
3525,PARENTING
7723,IMPACT
7006,PARENTING
6266,IMPACT
5062,IMPACT
7939,PARENTING
2572,PARENTING
2137,PARENTING
3341,IMPACT
7038,IMPACT
1849,PARENTING
2226,PARENTING
207,PARENTING
3796,PARENTING
2935,IMPACT
4005,PARENTING
491,IMPACT
6074,PARENTING
3524,IMPACT
2988,IMPACT
3325,PARENTING
1433,PARENTING
1479,PARENTING
1696,PARENTING
4125,PARENTING
5793,IMPACT
3763,PARENTING
7541,PARENTING
5506,IMPACT
6505,PARENTING
1537,PARENTING
571,PARENTING
6923,PARENTING
5607,PARENTING
4010,PARENTING
6414,PARENTING
1154,PARENTING
4305,PARENTING
6836,PARENTING
1606,PARENTING
4254,PARENTING
2117,PARENTING
6003,PARENTING
7577,IMPACT
4753,PARENTING
1554,PARENTING
4209,IMPACT
6983,PARENTING
7781,PARENTING
5106,PARENTING
5369,PARENTING
4672,IMPACT
161,IMPACT
1071,PARENTING
6191,PARENTING
1915,IMPACT
2441,PARENTING
6303,PARENTING
7198,PARENTING
3208,PARENTING
5880,IMPACT
6534,PARENTING
6095,PARENTING
3834,PARENTING
394,PARENTING
6277,PARENTING
1706,PARENTING
372,IMPACT
5209,PARENTING
1303,PARENTING
6955,PARENTING
2195,PARENTING
1806,IMPACT
4614,PARENTING
676,PARENTING
6548,IMPACT
5180,PARENTING
5664,PARENTING
4002,IMPACT
4543,PARENTING
2964,PARENTING
2432,IMPACT
2534,PARENTING
5111,PARENTING
1380,PARENTING
1525,PARENTING
2062,PARENTING
3827,IMPACT
3783,PARENTING
6280,PARENTING
4296,PARENTING
6801,PARENTING
3605,PARENTING
1492,PARENTING
7611,IMPACT
7695,PARENTING
43,IMPACT
7256,PARENTING
3317,PARENTING
7142,PARENTING
351,PARENTING
3002,PARENTING
4242,PARENTING
493,PARENTING
2824,IMPACT
6364,PARENTING
7025,IMPACT
7774,PARENTING
5054,PARENTING
6638,PARENTING
1823,PARENTING
3677,PARENTING
3918,PARENTING
6772,PARENTING
7085,PARENTING
2854,IMPACT
3654,IMPACT
3106,IMPACT
3528,PARENTING
562,IMPACT
1522,PARENTING
7260,PARENTING
794,PARENTING
7033,PARENTING
507,PARENTING
3327,PARENTING
5259,PARENTING
506,IMPACT
2373,PARENTING
5947,PARENTING
5053,IMPACT
7396,IMPACT
438,IMPACT
45,IMPACT
1481,PARENTING
3265,IMPACT
6916,PARENTING
2755,PARENTING
374,IMPACT
3793,PARENTING
1297,PARENTING
5590,PARENTING
3309,PARENTING
5297,PARENTING
6111,PARENTING
4811,PARENTING
579,PARENTING
109,IMPACT
3103,PARENTING
4801,PARENTING
6570,IMPACT
4147,PARENTING
5748,PARENTING
5249,IMPACT
1081,IMPACT
3153,PARENTING
4632,PARENTING
313,IMPACT
2512,PARENTING
1533,PARENTING
4995,PARENTING
22,PARENTING
1097,PARENTING
925,IMPACT
2738,IMPACT
3149,PARENTING
5546,PARENTING
7741,PARENTING
7149,IMPACT
3219,PARENTING
835,IMPACT
2645,PARENTING
1438,PARENTING
6571,PARENTING
6803,PARENTING
5538,PARENTING
7618,PARENTING
7617,IMPACT
2199,PARENTING
6199,PARENTING
4173,IMPACT
4627,PARENTING
651,PARENTING
3296,PARENTING
4670,PARENTING
5357,PARENTING
3138,PARENTING
6852,PARENTING
5964,PARENTING
4660,PARENTING
1330,PARENTING
1868,PARENTING
4467,PARENTING
1118,IMPACT
5352,PARENTING
5128,PARENTING
2066,PARENTING
2889,PARENTING
625,PARENTING
615,PARENTING
1512,PARENTING
1204,PARENTING
4315,PARENTING
4310,PARENTING
5147,PARENTING
6675,IMPACT
6597,PARENTING
1039,PARENTING
3069,PARENTING
5129,IMPACT
1416,PARENTING
3702,IMPACT
5311,PARENTING
5417,PARENTING
5080,PARENTING
23,IMPACT
7789,PARENTING
6044,PARENTING
4620,PARENTING
1605,PARENTING
7382,PARENTING
702,PARENTING
7091,PARENTING
3711,PARENTING
2746,PARENTING
7667,IMPACT
1808,PARENTING
3990,PARENTING
2595,PARENTING
1503,PARENTING
6635,PARENTING
6336,PARENTING
108,IMPACT
2668,PARENTING
6350,PARENTING
6684,PARENTING
1715,PARENTING
3127,PARENTING
5160,PARENTING
5191,PARENTING
4409,PARENTING
1829,PARENTING
2639,PARENTING
444,IMPACT
3570,PARENTING
6867,PARENTING
4815,IMPACT
5262,PARENTING
4336,PARENTING
1473,PARENTING
669,PARENTING
5774,PARENTING
3541,PARENTING
2544,PARENTING
602,IMPACT
1556,IMPACT
4416,PARENTING
4101,PARENTING
5440,IMPACT
6321,IMPACT
6723,PARENTING
2114,PARENTING
769,PARENTING
920,PARENTING
6518,PARENTING
4334,IMPACT
6637,PARENTING
1329,PARENTING
2252,PARENTING
1103,PARENTING
3473,PARENTING
6605,PARENTING
2791,PARENTING
1967,PARENTING
5277,PARENTING
4494,PARENTING
3821,PARENTING
1532,PARENTING
1340,PARENTING
6645,PARENTING
6811,IMPACT
6931,IMPACT
2485,IMPACT
6038,PARENTING
5753,PARENTING
7797,PARENTING
741,PARENTING
4940,PARENTING
1258,PARENTING
1378,PARENTING
7389,PARENTING
1629,IMPACT
1945,PARENTING
2938,PARENTING
3522,PARENTING
7031,PARENTING
6365,PARENTING
1724,PARENTING
6826,PARENTING
2783,IMPACT
2717,PARENTING
7859,PARENTING
1732,PARENTING
1622,PARENTING
2060,PARENTING
598,PARENTING
6079,PARENTING
5866,PARENTING
1327,PARENTING
1513,PARENTING
2817,PARENTING
3329,IMPACT
5197,PARENTING
7700,PARENTING
7899,PARENTING
6439,PARENTING
4513,IMPACT
3728,IMPACT
7945,PARENTING
2254,IMPACT
4946,PARENTING
3294,PARENTING
3925,PARENTING
1909,PARENTING
2923,IMPACT
3922,IMPACT
4193,PARENTING
6640,PARENTING
2482,PARENTING
1140,IMPACT
6204,PARENTING
4113,PARENTING
7760,IMPACT
4883,IMPACT
7501,PARENTING
4383,PARENTING
7371,PARENTING
7080,PARENTING
2828,IMPACT
7245,PARENTING
4058,PARENTING
3843,PARENTING
7144,IMPACT
2504,PARENTING
2271,PARENTING
4722,IMPACT
3318,PARENTING
1469,PARENTING
6661,PARENTING
99,PARENTING
3577,PARENTING
6948,PARENTING
6036,PARENTING
3147,PARENTING
110,PARENTING
443,PARENTING
6853,PARENTING
6580,PARENTING
5145,PARENTING
5125,PARENTING
1325,PARENTING
5338,PARENTING
2302,PARENTING
4298,IMPACT
74,PARENTING
2503,PARENTING
2948,IMPACT
7744,PARENTING
759,IMPACT
4266,PARENTING
1425,PARENTING
6082,PARENTING
347,IMPACT
268,PARENTING
7515,IMPACT
4947,PARENTING
7975,PARENTING
3720,PARENTING
6213,PARENTING
1990,PARENTING
7869,IMPACT
548,PARENTING
2236,PARENTING
3695,IMPACT
3205,PARENTING
2891,PARENTING
2501,IMPACT
1292,IMPACT
1442,PARENTING
580,PARENTING
1898,PARENTING
2386,PARENTING
1283,PARENTING
6125,PARENTING
4444,IMPACT
407,IMPACT
761,PARENTING
1747,PARENTING
2875,PARENTING
5383,PARENTING
6588,PARENTING
878,PARENTING
5832,PARENTING
644,PARENTING
5130,PARENTING
7304,PARENTING
5560,PARENTING
5825,IMPACT
2170,IMPACT
7487,PARENTING
4695,PARENTING
2250,PARENTING
4849,PARENTING
7095,IMPACT
6669,PARENTING
4417,PARENTING
980,PARENTING
2169,PARENTING
433,PARENTING
5778,PARENTING
960,IMPACT
6225,PARENTING
5496,PARENTING
3977,PARENTING
6858,PARENTING
7357,PARENTING
4036,PARENTING
6699,PARENTING
4289,PARENTING
5611,IMPACT
2294,IMPACT
7918,PARENTING
5434,PARENTING
2496,PARENTING
5387,PARENTING
5346,IMPACT
860,IMPACT
998,PARENTING
5250,PARENTING
3391,PARENTING
1523,PARENTING
186,IMPACT
6021,IMPACT
234,IMPACT
1246,IMPACT
3246,IMPACT
1262,PARENTING
1035,PARENTING
4723,PARENTING
5986,IMPACT
2268,PARENTING
7908,PARENTING
7776,IMPACT
845,PARENTING
5551,PARENTING
4117,PARENTING
179,PARENTING
1022,PARENTING
652,PARENTING
810,IMPACT
4236,PARENTING
27,PARENTING
1667,PARENTING
5207,PARENTING
2520,PARENTING
5300,PARENTING
1448,PARENTING
5038,IMPACT
7265,PARENTING
5979,PARENTING
3597,PARENTING
868,PARENTING
3335,PARENTING
4028,IMPACT
2722,IMPACT
7656,PARENTING
4833,PARENTING
2449,IMPACT
7814,IMPACT
7002,PARENTING
3941,PARENTING
5290,PARENTING
1765,PARENTING
765,PARENTING
5877,PARENTING
3865,PARENTING
3503,PARENTING
6885,PARENTING
5079,PARENTING
2220,PARENTING
7351,PARENTING
3253,PARENTING
4267,IMPACT
7004,PARENTING
3544,PARENTING
4311,PARENTING
3660,PARENTING
440,PARENTING
7428,PARENTING
7159,PARENTING
6492,PARENTING
2266,PARENTING
231,PARENTING
6294,IMPACT
4122,PARENTING
4804,PARENTING
4415,PARENTING
7930,PARENTING
3076,PARENTING
6471,IMPACT
348,PARENTING
7599,PARENTING
4487,PARENTING
4181,PARENTING
2400,PARENTING
7391,PARENTING
4464,IMPACT
3498,PARENTING
6495,PARENTING
2567,PARENTING
1220,PARENTING
7858,PARENTING
4526,PARENTING
4556,IMPACT
6466,IMPACT
3481,PARENTING
7237,PARENTING
7317,PARENTING
4071,PARENTING
2233,IMPACT
3500,PARENTING
1107,PARENTING
4328,PARENTING
3371,PARENTING
5007,PARENTING
5794,PARENTING
3611,PARENTING
6977,IMPACT
6526,PARENTING
5372,IMPACT
37,PARENTING
5642,PARENTING
123,PARENTING
4344,PARENTING
2731,IMPACT
2768,PARENTING
6550,IMPACT
5618,PARENTING
2052,IMPACT
5500,PARENTING
3825,PARENTING
1797,PARENTING
6944,PARENTING
2035,PARENTING
7686,PARENTING
5931,PARENTING
172,IMPACT
2577,PARENTING
7438,PARENTING
6891,PARENTING
2992,IMPACT
4210,PARENTING
6377,PARENTING
2394,IMPACT
3853,PARENTING
6049,PARENTING
6636,PARENTING
5161,PARENTING
3510,PARENTING
1526,PARENTING
5472,PARENTING
5744,PARENTING
6711,PARENTING
2507,PARENTING
3214,PARENTING
6122,PARENTING
5749,PARENTING
7748,PARENTING
3220,PARENTING
4301,PARENTING
2835,PARENTING
5075,IMPACT
366,PARENTING
3893,PARENTING
4594,PARENTING
6126,PARENTING
6153,PARENTING
4607,PARENTING
3624,PARENTING
7798,IMPACT
6584,PARENTING
3340,PARENTING
6622,PARENTING
3662,PARENTING
2858,PARENTING
5103,PARENTING
5659,IMPACT
5912,PARENTING
813,PARENTING
1687,PARENTING
6933,IMPACT
1590,IMPACT
5460,PARENTING
3684,IMPACT
929,PARENTING
3278,PARENTING
3966,PARENTING
2175,PARENTING
5792,IMPACT
4958,PARENTING
5836,PARENTING
4130,IMPACT
7008,PARENTING
7947,PARENTING
952,IMPACT
4116,IMPACT
2782,PARENTING
3950,PARENTING
2005,IMPACT
2453,PARENTING
1937,PARENTING
3712,PARENTING
7083,PARENTING
4474,PARENTING
1094,PARENTING
7873,PARENTING
6670,IMPACT
5698,PARENTING
3557,PARENTING
2950,PARENTING
2710,PARENTING
2325,PARENTING
3072,PARENTING
3691,PARENTING
2672,PARENTING
7725,PARENTING
271,IMPACT
5977,PARENTING
2592,PARENTING
5407,PARENTING
7573,PARENTING
5515,PARENTING
808,PARENTING
6579,PARENTING
6151,IMPACT
2372,PARENTING
5529,PARENTING
2827,PARENTING
7441,IMPACT
6609,PARENTING
3443,PARENTING
5591,PARENTING
6093,PARENTING
1640,PARENTING
7990,PARENTING
6156,PARENTING
4744,IMPACT
5109,PARENTING
4398,IMPACT
5274,PARENTING
6338,PARENTING
343,PARENTING
5294,IMPACT
5396,PARENTING
7886,PARENTING
2027,PARENTING
6149,IMPACT
7361,PARENTING
502,IMPACT
1301,PARENTING
5123,IMPACT
5775,PARENTING
5175,PARENTING
6758,PARENTING
704,PARENTING
2022,IMPACT
2177,IMPACT
2205,PARENTING
6793,IMPACT
6648,PARENTING
654,PARENTING
4460,IMPACT
2129,PARENTING
1026,IMPACT
951,PARENTING
5194,PARENTING
6937,PARENTING
237,PARENTING
1019,IMPACT
1989,IMPACT
2251,PARENTING
3956,PARENTING
618,PARENTING
6115,PARENTING
6967,IMPACT
2750,IMPACT
7129,PARENTING
7398,PARENTING
4765,IMPACT
2941,IMPACT
1752,PARENTING
2237,PARENTING
7758,PARENTING
3437,PARENTING
5155,PARENTING
7303,PARENTING
4623,PARENTING
3603,PARENTING
2110,PARENTING
1254,IMPACT
7141,PARENTING
6142,PARENTING
4490,PARENTING
1161,PARENTING
4677,PARENTING
6530,PARENTING
1992,PARENTING
7694,PARENTING
2771,PARENTING
477,PARENTING
3446,IMPACT
3960,IMPACT
3606,PARENTING
7199,PARENTING
5592,PARENTING
296,PARENTING
2116,IMPACT
4751,PARENTING
4894,PARENTING
5127,PARENTING
4724,PARENTING
28,PARENTING
7678,PARENTING
4048,PARENTING
6420,PARENTING
2181,PARENTING
6040,PARENTING
3104,IMPACT
7740,PARENTING
4388,PARENTING
1206,PARENTING
714,PARENTING
5327,IMPACT
6838,PARENTING
1799,PARENTING
3088,PARENTING
1189,PARENTING
1364,IMPACT
6659,PARENTING
3109,PARENTING
3376,IMPACT
5513,IMPACT
1535,PARENTING
6308,PARENTING
5938,PARENTING
6564,IMPACT
6292,PARENTING
319,PARENTING
833,PARENTING
5583,PARENTING
4428,PARENTING
7771,PARENTING
69,IMPACT
3514,PARENTING
4430,IMPACT
4121,IMPACT
6678,PARENTING
5272,PARENTING
7568,PARENTING
3238,PARENTING
6941,PARENTING
1814,IMPACT
7354,PARENTING
5853,PARENTING
5712,PARENTING
3368,PARENTING
2977,PARENTING
3423,PARENTING
4875,PARENTING
6706,PARENTING
5998,PARENTING
4156,IMPACT
2565,IMPACT
6195,PARENTING
4008,PARENTING
5811,PARENTING
6298,PARENTING
1347,PARENTING
979,IMPACT
923,PARENTING
815,PARENTING
7233,PARENTING
523,PARENTING
6936,PARENTING
6301,IMPACT
6783,PARENTING
4486,IMPACT
52,IMPACT
3580,PARENTING
7579,PARENTING
2819,PARENTING
3421,IMPACT
5818,PARENTING
7712,PARENTING
2418,IMPACT
7307,PARENTING
2679,PARENTING
1803,PARENTING
6855,PARENTING
1485,PARENTING
5366,IMPACT
6632,IMPACT
1597,IMPACT
6995,PARENTING
4508,PARENTING
5782,PARENTING
2264,IMPACT
6424,PARENTING
102,PARENTING
3313,PARENTING
5041,PARENTING
1934,PARENTING
1660,IMPACT
2492,PARENTING
4330,PARENTING
103,PARENTING
6874,PARENTING
26,PARENTING
7386,PARENTING
4433,PARENTING
5598,PARENTING
4504,IMPACT
3602,PARENTING
567,PARENTING
4395,PARENTING
2085,IMPACT
6300,PARENTING
3832,PARENTING
1855,PARENTING
5562,PARENTING
3965,PARENTING
7429,PARENTING
3745,IMPACT
3940,PARENTING
4099,PARENTING
7969,PARENTING
410,IMPACT
2058,PARENTING
6039,PARENTING
5915,IMPACT
2999,PARENTING
4750,PARENTING
6135,PARENTING
558,PARENTING
2051,PARENTING
6499,PARENTING
4515,PARENTING
4366,PARENTING
4991,PARENTING
7209,IMPACT
3714,PARENTING
7946,IMPACT
7381,PARENTING
7756,PARENTING
6770,PARENTING
7658,PARENTING
2855,PARENTING
6610,PARENTING
260,PARENTING
5505,PARENTING
3470,IMPACT
1810,IMPACT
3237,PARENTING
256,IMPACT
2709,PARENTING
6894,PARENTING
7783,IMPACT
1150,PARENTING
6160,PARENTING
264,PARENTING
6973,IMPACT
6583,PARENTING
1281,PARENTING
1366,PARENTING
5286,PARENTING
4795,IMPACT
2939,PARENTING
3414,PARENTING
178,PARENTING
2001,IMPACT
4654,PARENTING
5401,PARENTING
7055,PARENTING
423,IMPACT
5148,PARENTING
2311,PARENTING
3509,IMPACT
3707,PARENTING
5411,PARENTING
5858,IMPACT
1595,PARENTING
5677,PARENTING
2383,PARENTING
7104,PARENTING
2683,PARENTING
3693,PARENTING
7594,PARENTING
5602,PARENTING
317,IMPACT
5499,PARENTING
1300,IMPACT
3575,PARENTING
7290,PARENTING
4885,PARENTING
7172,PARENTING
59,PARENTING
7412,PARENTING
2749,PARENTING
5865,PARENTING
2111,PARENTING
4956,PARENTING
6404,IMPACT
86,PARENTING
4572,IMPACT
5491,PARENTING
4391,PARENTING
4044,PARENTING
5839,IMPACT
2860,IMPACT
2425,IMPACT
1412,PARENTING
3664,PARENTING
3301,PARENTING
2837,PARENTING
578,PARENTING
5545,PARENTING
7600,PARENTING
6351,PARENTING
4708,PARENTING
1930,PARENTING
2978,PARENTING
2422,PARENTING
6553,IMPACT
4981,PARENTING
6561,PARENTING
4103,PARENTING
2262,PARENTING
5874,PARENTING
2227,IMPACT
4405,PARENTING
4793,PARENTING
111,PARENTING
7046,PARENTING
7751,IMPACT
4820,PARENTING
5638,PARENTING
5089,PARENTING
3174,PARENTING
7595,PARENTING
2080,PARENTING
7442,PARENTING
5067,IMPACT
4478,PARENTING
3100,IMPACT
6569,PARENTING
3435,PARENTING
6312,PARENTING
6926,IMPACT
2833,PARENTING
4972,IMPACT
7106,IMPACT
2776,PARENTING
7189,PARENTING
6004,PARENTING
5632,PARENTING
3927,PARENTING
7972,PARENTING
487,PARENTING
5005,PARENTING
4780,PARENTING
6189,PARENTING
1509,IMPACT
7650,IMPACT
468,PARENTING
797,IMPACT
7003,PARENTING
3539,IMPACT
5695,IMPACT
5585,PARENTING
2654,PARENTING
970,PARENTING
6501,PARENTING
4497,PARENTING
3809,PARENTING
396,PARENTING
5901,PARENTING
5397,PARENTING
7087,PARENTING
1443,PARENTING
5697,IMPACT
6184,PARENTING
375,PARENTING
7895,IMPACT
3373,PARENTING
2384,PARENTING
4175,PARENTING
1929,PARENTING
5419,PARENTING
7931,PARENTING
6448,PARENTING
1337,PARENTING
2759,PARENTING
3389,PARENTING
6468,PARENTING
4669,IMPACT
7803,PARENTING
1285,PARENTING
432,PARENTING
424,IMPACT
955,PARENTING
3613,IMPACT
6980,PARENTING
5980,PARENTING
4973,PARENTING
2404,IMPACT
5310,IMPACT
4434,PARENTING
1332,PARENTING
4673,PARENTING
5654,PARENTING
1135,PARENTING
6068,PARENTING
157,IMPACT
636,IMPACT
515,PARENTING
3686,PARENTING
3548,PARENTING
7765,PARENTING
2341,PARENTING
6822,PARENTING
5170,IMPACT
5768,PARENTING
257,PARENTING
3213,IMPACT
4159,PARENTING
3416,PARENTING
3347,IMPACT
2797,PARENTING
159,PARENTING
4052,PARENTING
199,PARENTING
2397,PARENTING
6808,PARENTING
4852,IMPACT
2032,PARENTING
3396,PARENTING
2976,PARENTING
4233,PARENTING
0,PARENTING
16,PARENTING
6438,PARENTING
2578,PARENTING
6762,PARENTING
5146,PARENTING
7052,PARENTING
3466,PARENTING
6237,PARENTING
3607,IMPACT
3131,PARENTING
1939,PARENTING
4465,PARENTING
5305,IMPACT
2436,PARENTING
4895,PARENTING
3838,IMPACT
985,PARENTING
2929,PARENTING
3732,PARENTING
7342,IMPACT
3061,PARENTING
4664,IMPACT
999,PARENTING
3934,PARENTING
5068,IMPACT
5282,PARENTING
4704,PARENTING
1264,PARENTING
840,PARENTING
7224,PARENTING
7221,IMPACT
3198,PARENTING
3228,IMPACT
47,PARENTING
1138,PARENTING
6161,PARENTING
535,PARENTING
5176,PARENTING
168,PARENTING
2829,PARENTING
547,IMPACT
1044,IMPACT
5822,PARENTING
3049,PARENTING
60,PARENTING
1186,IMPACT
1876,IMPACT
3962,PARENTING
2457,PARENTING
5885,PARENTING
2283,PARENTING
4158,PARENTING
1167,IMPACT
1904,PARENTING
5332,IMPACT
4521,PARENTING
5349,PARENTING
6504,PARENTING
803,PARENTING
2371,PARENTING
5730,IMPACT
7862,PARENTING
519,PARENTING
7642,PARENTING
4587,PARENTING
3102,IMPACT
5923,PARENTING
7788,PARENTING
7727,IMPACT
265,IMPACT
4576,PARENTING
2163,PARENTING
7974,PARENTING
4598,PARENTING
3129,PARENTING
6565,PARENTING
7982,IMPACT
3276,PARENTING
5485,PARENTING
3160,PARENTING
1344,PARENTING
7854,PARENTING
5188,PARENTING
1350,PARENTING
1928,PARENTING
1452,PARENTING
781,PARENTING
4585,PARENTING
5863,PARENTING
1965,IMPACT
3163,PARENTING
10,PARENTING
3043,PARENTING
996,PARENTING
1126,IMPACT
5060,PARENTING
3866,IMPACT
3616,PARENTING
6227,PARENTING
1243,IMPACT
4286,PARENTING
3319,PARENTING
2607,IMPACT
307,PARENTING
4771,PARENTING
7379,PARENTING
668,IMPACT
67,PARENTING
663,PARENTING
758,IMPACT
6672,PARENTING
3133,PARENTING
3018,PARENTING
5063,PARENTING
7850,PARENTING
6393,PARENTING
1320,PARENTING
3502,PARENTING
1102,PARENTING
5319,PARENTING
5395,PARENTING
6452,PARENTING
5987,PARENTING
210,IMPACT
4707,IMPACT
1319,PARENTING
4498,PARENTING
5114,PARENTING
604,PARENTING
4769,PARENTING
349,PARENTING
7569,IMPACT
2665,PARENTING
1040,PARENTING
7928,PARENTING
1163,PARENTING
4760,IMPACT
5958,PARENTING
2983,PARENTING
4783,PARENTING
2007,IMPACT
2064,PARENTING
6472,PARENTING
5046,IMPACT
6360,PARENTING
5699,PARENTING
3555,PARENTING
1552,PARENTING
3196,PARENTING
7280,IMPACT
7360,IMPACT
2650,IMPACT
1456,IMPACT
1428,PARENTING
2605,PARENTING
5597,IMPACT
114,PARENTING
2121,PARENTING
7039,IMPACT
1511,IMPACT
7,PARENTING
7956,PARENTING
227,PARENTING
494,PARENTING
3818,PARENTING
7278,PARENTING
4514,PARENTING
767,IMPACT
2752,IMPACT
705,PARENTING
1280,PARENTING
6071,PARENTING
1238,PARENTING
1900,PARENTING
5304,PARENTING
5214,PARENTING
3038,IMPACT
1811,PARENTING
4846,PARENTING
5156,PARENTING
3207,PARENTING
5747,PARENTING
6575,PARENTING
2701,PARENTING
5074,PARENTING
1446,PARENTING
4241,PARENTING
7863,PARENTING
3128,PARENTING
3986,PARENTING
2031,IMPACT
7940,IMPACT
4798,PARENTING
7272,IMPACT
7022,PARENTING
5949,PARENTING
2955,PARENTING
2180,PARENTING
2764,PARENTING
4443,PARENTING
2113,PARENTING
4810,PARENTING
7699,PARENTING
4112,IMPACT
2772,PARENTING
6221,PARENTING
2396,PARENTING
2454,PARENTING
3867,PARENTING
3135,PARENTING
5686,PARENTING
4901,PARENTING
7711,PARENTING
2343,PARENTING
3719,PARENTING
3066,PARENTING
7636,PARENTING
5773,PARENTING
1665,PARENTING
2549,IMPACT
1030,PARENTING
2125,PARENTING
983,PARENTING
5313,PARENTING
4741,PARENTING
6467,IMPACT
818,IMPACT
2179,PARENTING
1110,IMPACT
3089,IMPACT
6389,PARENTING
6907,PARENTING
3929,PARENTING
6841,PARENTING
4367,PARENTING
6832,PARENTING
5292,PARENTING
1572,PARENTING
7913,PARENTING
7161,PARENTING
3245,PARENTING
557,IMPACT
2896,IMPACT
5308,PARENTING
2134,IMPACT
3951,IMPACT
167,PARENTING
1825,PARENTING
4766,IMPACT
7426,PARENTING
2852,PARENTING
6323,PARENTING
913,PARENTING
6358,IMPACT
6929,PARENTING
6092,PARENTING
2597,IMPACT
4589,PARENTING
688,PARENTING
2240,PARENTING
709,IMPACT
4651,PARENTING
6251,IMPACT
4219,PARENTING
3901,PARENTING
3676,IMPACT
7567,PARENTING
5010,PARENTING
4059,PARENTING
5229,PARENTING
857,PARENTING
4936,PARENTING
6940,PARENTING
534,PARENTING
2826,IMPACT
7966,PARENTING
6978,IMPACT
3126,PARENTING
7733,IMPACT
7874,PARENTING
2676,PARENTING
5033,IMPACT
3759,PARENTING
7247,PARENTING
5410,PARENTING
4397,PARENTING
6023,PARENTING
6408,PARENTING
5636,PARENTING
1210,PARENTING
2551,PARENTING
5876,IMPACT
6653,PARENTING
3671,PARENTING
7753,PARENTING
1600,PARENTING
2084,PARENTING
5601,PARENTING
693,PARENTING
2905,IMPACT
6741,PARENTING
7799,PARENTING
5135,PARENTING
2358,IMPACT
5051,PARENTING
6914,PARENTING
4826,PARENTING
5256,PARENTING
6531,IMPACT
1948,PARENTING
5312,PARENTING
6657,PARENTING
2308,IMPACT
1144,PARENTING
4848,PARENTING
1753,PARENTING
4856,IMPACT
6144,PARENTING
785,PARENTING
6549,PARENTING
4073,PARENTING
495,IMPACT
5581,IMPACT
7671,PARENTING
4061,PARENTING
6440,PARENTING
4022,PARENTING
4208,PARENTING
5689,PARENTING
3364,PARENTING
2391,IMPACT
501,IMPACT
6488,PARENTING
1648,PARENTING
1491,PARENTING
2349,PARENTING
6688,PARENTING
5690,PARENTING
1794,PARENTING
4530,PARENTING
641,PARENTING
6574,PARENTING
2532,IMPACT
3672,PARENTING
7662,PARENTING
3656,PARENTING
285,PARENTING
4127,PARENTING
4649,PARENTING
5665,IMPACT
2050,PARENTING
104,PARENTING
2186,PARENTING
4999,PARENTING
4847,PARENTING
1607,PARENTING
812,PARENTING
5786,PARENTING
115,PARENTING
1773,PARENTING
6737,PARENTING
594,IMPACT
3291,IMPACT
1609,PARENTING
364,IMPACT
763,PARENTING
4218,PARENTING
5735,PARENTING
4887,PARENTING
1049,PARENTING
3441,PARENTING
6592,PARENTING
1768,PARENTING
4533,PARENTING
7746,IMPACT
4370,PARENTING
7268,IMPACT
1892,PARENTING
7916,PARENTING
5838,PARENTING
1984,PARENTING
211,PARENTING
4204,PARENTING
5732,IMPACT
6582,IMPACT
5195,PARENTING
1056,PARENTING
7473,IMPACT
4678,IMPACT
2657,PARENTING
2020,PARENTING
7914,PARENTING
6481,PARENTING
6188,PARENTING
4716,PARENTING
81,IMPACT
2272,PARENTING
4225,PARENTING
4435,PARENTING
4035,PARENTING
6416,PARENTING
7818,PARENTING
3878,PARENTING
5725,PARENTING
7861,PARENTING
1133,PARENTING
3350,PARENTING
2640,PARENTING
1028,PARENTING
3600,PARENTING
6421,PARENTING
5350,PARENTING
2222,IMPACT
6284,PARENTING
1616,PARENTING
7586,PARENTING
6236,PARENTING
4990,PARENTING
1008,PARENTING
1835,PARENTING
3692,IMPACT
4407,IMPACT
1548,IMPACT
7948,IMPACT
1484,PARENTING
7961,PARENTING
823,PARENTING
5967,PARENTING
6880,PARENTING
2638,PARENTING
7786,PARENTING
521,PARENTING
1391,PARENTING
6116,PARENTING
1646,IMPACT
1997,PARENTING
4920,IMPACT
4919,PARENTING
5289,PARENTING
3062,PARENTING
2023,PARENTING
1563,PARENTING
1888,PARENTING
71,PARENTING
687,PARENTING
5973,PARENTING
2171,PARENTING
7313,IMPACT
7028,PARENTING
2553,PARENTING
1668,PARENTING
1983,IMPACT
6215,PARENTING
6556,IMPACT
6618,PARENTING
582,PARENTING
7926,PARENTING
369,PARENTING
1282,PARENTING
2265,IMPACT
7616,PARENTING
5473,PARENTING
4349,PARENTING
7259,IMPACT
6059,IMPACT
2346,PARENTING
5138,PARENTING
6343,PARENTING
1679,PARENTING
3566,PARENTING
6794,PARENTING
5015,PARENTING
3579,PARENTING
757,PARENTING
1482,IMPACT
2463,PARENTING
7355,PARENTING
6462,PARENTING
3057,PARENTING
1970,PARENTING
4320,PARENTING
1783,PARENTING
7692,PARENTING
3998,PARENTING
3897,PARENTING
3115,PARENTING
768,PARENTING
3516,PARENTING
4495,PARENTING
1878,PARENTING
6683,IMPACT
5679,PARENTING
7645,PARENTING
463,PARENTING
7639,IMPACT
4735,IMPACT
2427,PARENTING
793,PARENTING
3035,PARENTING
3588,PARENTING
3232,PARENTING
5552,IMPACT
4782,PARENTING
7102,PARENTING
4449,IMPACT
2003,PARENTING
3615,PARENTING
5124,PARENTING
4519,PARENTING
6426,IMPACT
4470,IMPACT
6511,IMPACT
5224,PARENTING
773,IMPACT
6054,PARENTING
6456,PARENTING
4675,PARENTING
4252,PARENTING
2278,PARENTING
5804,IMPACT
5342,IMPACT
1779,PARENTING
5692,PARENTING
3696,IMPACT
6409,PARENTING
5280,PARENTING
3243,PARENTING
3562,PARENTING
439,IMPACT
1377,PARENTING
1585,PARENTING
7867,PARENTING
5029,PARENTING
1553,PARENTING
404,PARENTING
2063,PARENTING
734,PARENTING
485,PARENTING
1770,PARENTING
5429,PARENTING
4352,IMPACT
779,PARENTING
2867,IMPACT
7915,PARENTING
5098,PARENTING
742,PARENTING
3176,PARENTING
2340,PARENTING
1632,IMPACT
6388,PARENTING
6202,PARENTING
3263,PARENTING
2162,IMPACT
1528,PARENTING
1029,PARENTING
497,PARENTING
4960,IMPACT
7958,IMPACT
2144,PARENTING
6436,PARENTING
7477,PARENTING
7654,PARENTING
2644,PARENTING
6407,PARENTING
1960,PARENTING
1449,PARENTING
4187,PARENTING
2300,PARENTING
624,PARENTING
503,PARENTING
6764,PARENTING
5393,PARENTING
2392,IMPACT
6282,PARENTING
4842,PARENTING
1373,PARENTING
1574,PARENTING
2869,PARENTING
7986,PARENTING
7445,PARENTING
1156,PARENTING
7370,PARENTING
5362,PARENTING
4157,IMPACT
4522,IMPACT
40,PARENTING
2984,PARENTING
1739,IMPACT
428,PARENTING
5413,IMPACT
4696,IMPACT
1063,PARENTING
4269,PARENTING
3286,IMPACT
4865,PARENTING
771,PARENTING
7037,IMPACT
4776,IMPACT
3898,IMPACT
5072,PARENTING
4321,PARENTING
2897,PARENTING
3494,PARENTING
3817,IMPACT
2288,PARENTING
3979,IMPACT
520,IMPACT
2244,PARENTING
7363,PARENTING
6760,PARENTING
6307,PARENTING
2972,PARENTING
1175,PARENTING
1515,PARENTING
2379,IMPACT
6827,PARENTING
4619,PARENTING
7512,PARENTING
1430,PARENTING
6235,PARENTING
5674,PARENTING
251,IMPACT
389,PARENTING
1463,PARENTING
4527,PARENTING
5807,PARENTING
4906,PARENTING
4,PARENTING
4616,PARENTING
1389,PARENTING
800,PARENTING
2589,PARENTING
5867,PARENTING
4228,PARENTING
252,PARENTING
5567,PARENTING
177,PARENTING
2399,PARENTING
1232,PARENTING
958,PARENTING
1306,PARENTING
1987,PARENTING
7014,IMPACT
2585,IMPACT
7685,PARENTING
7860,PARENTING
4903,PARENTING
6376,PARENTING
1057,PARENTING
3576,PARENTING
3584,PARENTING
4824,PARENTING
4067,PARENTING
3001,PARENTING
3499,PARENTING
4377,PARENTING
376,PARENTING
337,PARENTING
4532,PARENTING
4510,IMPACT
3432,PARENTING
4910,PARENTING
7840,PARENTING
613,PARENTING
7196,IMPACT
6913,IMPACT
950,PARENTING
2046,PARENTING
7365,PARENTING
7281,PARENTING
727,PARENTING
2191,PARENTING
4935,PARENTING
2933,IMPACT
2184,PARENTING
5391,PARENTING
308,PARENTING
6847,PARENTING
695,PARENTING
2207,PARENTING
1698,PARENTING
7332,PARENTING
7499,PARENTING
1881,PARENTING
5252,IMPACT
5904,PARENTING
7718,PARENTING
2593,PARENTING
2498,IMPACT
4552,PARENTING
3096,PARENTING
2702,PARENTING
6403,PARENTING
6247,IMPACT
6970,PARENTING
526,PARENTING
1131,PARENTING
454,IMPACT
4445,PARENTING
6446,IMPACT
2798,IMPACT
7333,IMPACT
6363,PARENTING
4006,PARENTING
5442,IMPACT
4831,PARENTING
435,PARENTING
2708,PARENTING
1680,PARENTING
5534,IMPACT
6890,PARENTING
2174,PARENTING
4567,IMPACT
3526,PARENTING
4727,PARENTING
277,PARENTING
4248,PARENTING
3495,PARENTING
7125,IMPACT
1968,IMPACT
5115,PARENTING
7644,PARENTING
4292,PARENTING
1860,PARENTING
6246,PARENTING
7550,PARENTING
4371,PARENTING
1542,IMPACT
4502,IMPACT
6547,PARENTING
4030,PARENTING
7474,PARENTING
2360,PARENTING
7053,IMPACT
7496,PARENTING
7648,IMPACT
3523,PARENTING
3460,IMPACT
1157,IMPACT
2799,PARENTING
1212,PARENTING
1136,PARENTING
7681,PARENTING
1445,PARENTING
182,PARENTING
5476,PARENTING
3519,PARENTING
6262,IMPACT
7300,PARENTING
6720,PARENTING
6954,PARENTING
326,PARENTING
6566,IMPACT
532,PARENTING
4427,PARENTING
1256,PARENTING
1704,IMPACT
5819,PARENTING
4262,PARENTING
7269,IMPACT
684,IMPACT
5303,PARENTING
1954,IMPACT
213,PARENTING
7903,PARENTING
3233,PARENTING
1657,PARENTING
3201,IMPACT
3953,PARENTING
4143,PARENTING
5828,PARENTING
4456,PARENTING
972,PARENTING
7328,PARENTING
627,IMPACT
214,PARENTING
2511,PARENTING
3351,PARENTING
5883,PARENTING
6066,PARENTING
2611,PARENTING
873,PARENTING
4988,IMPACT
5306,PARENTING
1995,PARENTING
1345,PARENTING
4813,IMPACT
7089,IMPACT
4211,PARENTING
7739,PARENTING
4100,PARENTING
1531,IMPACT
5149,PARENTING
6930,IMPACT
7805,PARENTING
4692,PARENTING
254,PARENTING
539,IMPACT
5035,PARENTING
1271,PARENTING
6058,PARENTING
7995,IMPACT
645,IMPACT
6871,PARENTING
7019,PARENTING
3515,PARENTING
5706,IMPACT
2403,PARENTING
1230,PARENTING
1678,IMPACT
3512,PARENTING
1051,PARENTING
3621,PARENTING
6773,PARENTING
4755,IMPACT
6342,PARENTING
3906,PARENTING
7471,IMPACT
7959,PARENTING
6483,PARENTING
3665,PARENTING
1119,IMPACT
4761,IMPACT
2364,PARENTING
4458,IMPACT
4284,IMPACT
4406,PARENTING
5345,PARENTING
1848,PARENTING
7405,PARENTING
4032,IMPACT
1020,PARENTING
5896,PARENTING
4880,PARENTING
2047,PARENTING
6616,IMPACT
6654,IMPACT
3508,PARENTING
819,PARENTING
5655,PARENTING
100,PARENTING
5468,PARENTING
1712,PARENTING
7547,PARENTING
2029,PARENTING
4145,PARENTING
5517,PARENTING
3507,PARENTING
5647,PARENTING
2926,PARENTING
3801,PARENTING
2996,IMPACT
7082,PARENTING
6299,PARENTING
1385,PARENTING
3003,IMPACT
7498,PARENTING
619,PARENTING
7138,PARENTING
5600,PARENTING
4281,IMPACT
5428,PARENTING
3075,IMPACT
902,PARENTING
6825,IMPACT
1242,PARENTING
5048,PARENTING
5201,PARENTING
1104,PARENTING
1817,PARENTING
340,PARENTING
1637,PARENTING
5670,PARENTING
3791,PARENTING
4612,PARENTING
4666,PARENTING
6896,PARENTING
6753,PARENTING
1381,IMPACT
2185,PARENTING
4202,PARENTING
7009,IMPACT
4855,PARENTING
189,PARENTING
3994,PARENTING
3331,PARENTING
4924,PARENTING
6668,PARENTING
2652,PARENTING
6490,PARENTING
6369,PARENTING
5946,IMPACT
2374,PARENTING
7054,PARENTING
3841,PARENTING
2154,IMPACT
7933,PARENTING
7186,PARENTING
3599,PARENTING
5531,PARENTING
2323,PARENTING
6857,PARENTING
5012,IMPACT
2627,IMPACT
4268,PARENTING
390,PARENTING
7729,PARENTING
461,IMPACT
3547,IMPACT
218,IMPACT
2830,PARENTING
3234,IMPACT
346,PARENTING
7047,PARENTING
4888,PARENTING
971,PARENTING
673,IMPACT
1894,IMPACT
1042,PARENTING
6163,PARENTING
1427,PARENTING
398,PARENTING
2405,PARENTING
1757,IMPACT
5008,PARENTING
1137,PARENTING
6435,PARENTING
4764,IMPACT
778,PARENTING
610,PARENTING
1217,PARENTING
3367,PARENTING
3987,IMPACT
7336,PARENTING
7561,PARENTING
2989,PARENTING
5268,PARENTING
5426,PARENTING
5278,PARENTING
6755,PARENTING
3872,PARENTING
7889,PARENTING
4308,IMPACT
7374,IMPACT
7145,IMPACT
4055,PARENTING
2570,PARENTING
5182,PARENTING
3298,IMPACT
5347,PARENTING
5430,PARENTING
4685,PARENTING
5662,PARENTING
7358,PARENTING
3731,PARENTING
7525,PARENTING
3184,PARENTING
6972,IMPACT
3706,IMPACT
7706,PARENTING
2815,PARENTING
1252,PARENTING
2109,PARENTING
3010,PARENTING
4069,PARENTING
5521,PARENTING
3963,PARENTING
2126,PARENTING
7060,PARENTING
3710,PARENTING
5036,PARENTING
5389,PARENTING
6178,IMPACT
221,PARENTING
3549,PARENTING
1651,PARENTING
6007,IMPACT
238,IMPACT
6733,IMPACT
5961,PARENTING
6245,PARENTING
6477,IMPACT
4535,PARENTING
5989,IMPACT
5549,PARENTING
5736,IMPACT
4748,PARENTING
5230,PARENTING
2354,IMPACT
1105,IMPACT
6219,PARENTING
7320,PARENTING
6139,IMPACT
881,PARENTING
3629,PARENTING
3753,PARENTING
6606,PARENTING
2692,PARENTING
3146,PARENTING
2036,PARENTING
574,IMPACT
930,IMPACT
7917,PARENTING
6748,PARENTING
1075,PARENTING
5928,PARENTING
4754,IMPACT
1459,PARENTING
1821,PARENTING
3592,PARENTING
2471,PARENTING
4613,PARENTING
3258,PARENTING
3943,PARENTING
2416,IMPACT
332,PARENTING
2196,PARENTING
6018,IMPACT
6193,PARENTING
3385,PARENTING
3505,PARENTING
6270,PARENTING
1839,IMPACT
2284,PARENTING
5862,IMPACT
606,PARENTING
3816,PARENTING
7912,PARENTING
3646,PARENTING
5520,IMPACT
2214,PARENTING
2777,IMPACT
2267,PARENTING
6042,PARENTING
3251,PARENTING
791,IMPACT
7864,PARENTING
1760,IMPACT
1614,PARENTING
2376,IMPACT
997,PARENTING
2421,PARENTING
5388,PARENTING
5479,PARENTING
1516,IMPACT
6975,PARENTING
3158,PARENTING
6357,PARENTING
1784,PARENTING
2173,PARENTING
4244,IMPACT
701,PARENTING
2521,IMPACT
6317,PARENTING
4129,PARENTING
4690,PARENTING
3370,PARENTING
2291,PARENTING
154,PARENTING
5061,IMPACT
7385,PARENTING
7682,PARENTING
1178,PARENTING
3883,PARENTING
4698,PARENTING
6329,IMPACT
7377,IMPACT
6792,PARENTING
6886,IMPACT
6898,IMPACT
4642,PARENTING
560,PARENTING
6835,PARENTING
7734,IMPACT
6361,PARENTING
5081,PARENTING
7067,PARENTING
4640,IMPACT
6306,PARENTING
6698,IMPACT
5087,PARENTING
1419,IMPACT
3933,PARENTING
5771,IMPACT
3000,PARENTING
2522,PARENTING
1725,PARENTING
3190,PARENTING
6971,PARENTING
4423,PARENTING
5405,PARENTING
1686,PARENTING
3511,IMPACT
3803,PARENTING
699,PARENTING
7807,IMPACT
6876,IMPACT
2469,PARENTING
4839,PARENTING
6568,IMPACT
1464,PARENTING
3863,PARENTING
3907,IMPACT
224,PARENTING
1404,PARENTING
2821,IMPACT
6798,PARENTING
6096,PARENTING
6175,PARENTING
1677,IMPACT
4592,PARENTING
466,PARENTING
601,PARENTING
170,PARENTING
2345,PARENTING
499,PARENTING
3053,IMPACT
3932,IMPACT
4914,PARENTING
2656,PARENTING
7794,IMPACT
113,PARENTING
6590,PARENTING
7335,PARENTING
5984,PARENTING
880,PARENTING
2053,PARENTING
2666,PARENTING
3533,PARENTING
7960,PARENTING
1311,PARENTING
1599,PARENTING
4740,PARENTING
434,PARENTING
7802,PARENTING
2757,PARENTING
2493,PARENTING
7340,IMPACT
3428,IMPACT
1543,PARENTING
784,PARENTING
173,PARENTING
222,PARENTING
5903,PARENTING
6848,PARENTING
2730,PARENTING
3004,PARENTING
7954,PARENTING
5842,IMPACT
5210,PARENTING
2209,PARENTING
5731,IMPACT
706,PARENTING
712,PARENTING
7399,PARENTING
1431,IMPACT
3885,PARENTING
6850,IMPACT
4342,IMPACT
2678,IMPACT
7934,IMPACT
3471,PARENTING
2435,PARENTING
2138,PARENTING
6664,PARENTING
1711,PARENTING
4148,IMPACT
1274,PARENTING
1222,IMPACT
4333,PARENTING
5797,IMPACT
5913,PARENTING
2061,PARENTING
3657,PARENTING
1851,PARENTING
6046,PARENTING
7235,PARENTING
1279,PARENTING
3113,PARENTING
139,PARENTING
966,IMPACT
5542,IMPACT
3182,PARENTING
3862,PARENTING
5939,PARENTING
6677,PARENTING
2720,PARENTING
7123,IMPACT
7493,PARENTING
1963,PARENTING
370,PARENTING
3398,PARENTING
7896,IMPACT
2320,PARENTING
2377,PARENTING
735,PARENTING
6305,IMPACT
6539,PARENTING
5254,IMPACT
5386,IMPACT
3995,PARENTING
3935,IMPACT
3458,PARENTING
1120,IMPACT
6150,PARENTING
1227,PARENTING
4600,IMPACT
1237,IMPACT
5651,PARENTING
1034,PARENTING
6060,PARENTING
6432,PARENTING
904,PARENTING
672,PARENTING
7018,IMPACT
3431,PARENTING
5675,IMPACT
6489,PARENTING
4422,PARENTING
577,PARENTING
3678,IMPACT
2765,PARENTING
1213,PARENTING
658,PARENTING
1321,IMPACT
2980,IMPACT
3395,PARENTING
7511,PARENTING
5326,IMPACT
4980,PARENTING
1635,PARENTING
4387,PARENTING
3464,PARENTING
480,PARENTING
6883,PARENTING
6882,PARENTING
3839,PARENTING
1339,PARENTING
5565,PARENTING
1346,PARENTING
3070,PARENTING
607,IMPACT
6090,PARENTING
2352,IMPACT
2041,PARENTING
6283,PARENTING
1505,PARENTING
7283,PARENTING
7749,PARENTING
1450,IMPACT
175,PARENTING
3661,PARENTING
3292,IMPACT
7710,PARENTING
5929,PARENTING
3762,IMPACT
3343,IMPACT
2890,IMPACT
4404,PARENTING
3248,PARENTING
262,PARENTING
7702,PARENTING
6108,PARENTING
991,PARENTING
6611,PARENTING
528,PARENTING
3121,IMPACT
974,PARENTING
3617,IMPACT
7731,PARENTING
1208,PARENTING
7387,IMPACT
1654,PARENTING
1185,IMPACT
1295,PARENTING
3083,IMPACT
5788,PARENTING
2916,PARENTING
5564,PARENTING
662,PARENTING
5718,IMPACT
2167,PARENTING
5354,IMPACT
7687,PARENTING
1903,PARENTING
5288,IMPACT
7632,PARENTING
961,IMPACT
1082,PARENTING
1151,PARENTING
1813,IMPACT
3936,PARENTING
5116,PARENTING
6177,IMPACT
2273,PARENTING
5738,IMPACT
7479,PARENTING
6667,IMPACT
3844,PARENTING
2388,PARENTING
6252,PARENTING
6509,IMPACT
3259,PARENTING
6673,PARENTING
2851,PARENTING
7755,IMPACT
4588,PARENTING
4162,PARENTING
678,PARENTING
1546,IMPACT
3875,PARENTING
2871,PARENTING
3768,PARENTING
5439,PARENTING
907,PARENTING
2548,PARENTING
6722,PARENTING
2588,PARENTING
3475,PARENTING
5322,PARENTING
1305,PARENTING
7282,IMPACT
2946,PARENTING
5911,PARENTING
3969,PARENTING
2839,IMPACT
1141,PARENTING
4501,PARENTING
5887,PARENTING
628,PARENTING
129,IMPACT
437,PARENTING
5575,PARENTING
2758,PARENTING
3384,PARENTING
3021,PARENTING
25,PARENTING
1781,PARENTING
3704,PARENTING
7713,IMPACT
5223,IMPACT
4293,PARENTING
7132,PARENTING
928,IMPACT
5512,PARENTING
1260,PARENTING
1524,PARENTING
5141,PARENTING
414,PARENTING
4561,PARENTING
6239,PARENTING
5988,IMPACT
3203,PARENTING
7103,PARENTING
5134,IMPACT
6013,PARENTING
5970,PARENTING
2554,PARENTING
6187,PARENTING
3262,IMPACT
1661,IMPACT
6521,IMPACT
4190,PARENTING
274,IMPACT
7070,PARENTING
1272,PARENTING
5455,IMPACT
3067,PARENTING
4818,IMPACT
749,PARENTING
2161,PARENTING
3578,IMPACT
2420,PARENTING
2458,IMPACT
7417,PARENTING
4911,PARENTING
6310,IMPACT
1959,PARENTING
6454,PARENTING
5333,PARENTING
5206,PARENTING
5652,PARENTING
6450,PARENTING
7309,IMPACT
5101,PARENTING
2907,PARENTING
2409,PARENTING
1205,IMPACT
3334,PARENTING
6680,PARENTING
4253,PARENTING
4319,PARENTING
5361,PARENTING
7464,PARENTING
4909,PARENTING
3150,PARENTING
3683,PARENTING
7065,PARENTING
2545,PARENTING
3284,PARENTING
7341,IMPACT
6459,PARENTING
7299,PARENTING
371,PARENTING
1577,PARENTING
3161,PARENTING
3741,PARENTING
54,IMPACT
5969,IMPACT
841,IMPACT
7829,PARENTING
2583,PARENTING
7133,PARENTING
733,PARENTING
1241,PARENTING
6503,PARENTING
6332,PARENTING
7228,PARENTING
6749,PARENTING
5728,PARENTING
1812,PARENTING
4975,IMPACT
6112,PARENTING
3976,PARENTING
5470,PARENTING
4637,PARENTING
6148,PARENTING
6807,PARENTING
4280,PARENTING
184,IMPACT
1603,PARENTING
2823,PARENTING
661,PARENTING
169,IMPACT
145,PARENTING
5682,PARENTING
4529,PARENTING
3180,PARENTING
1729,PARENTING
5406,PARENTING
4302,PARENTING
150,PARENTING
685,PARENTING
7565,PARENTING
7318,IMPACT
3517,PARENTING
58,IMPACT
4078,PARENTING
7849,PARENTING
3381,PARENTING
1518,PARENTING
362,PARENTING
1352,PARENTING
5790,IMPACT
5420,PARENTING
1470,PARENTING
73,PARENTING
6655,PARENTING
2700,PARENTING
4378,IMPACT
4140,PARENTING
3895,IMPACT
3408,PARENTING
7315,PARENTING
3957,PARENTING
1700,IMPACT
981,IMPACT
2465,PARENTING
2329,IMPACT
7122,IMPACT
5021,PARENTING
6630,PARENTING
7591,PARENTING
5729,IMPACT
893,IMPACT
1877,PARENTING
7957,PARENTING
2118,PARENTING
5132,IMPACT
3815,PARENTING
1383,PARENTING
6726,PARENTING
321,PARENTING
5427,PARENTING
5408,PARENTING
7747,PARENTING
6192,PARENTING
4799,IMPACT
5375,PARENTING
1966,IMPACT
6406,PARENTING
465,IMPACT
5805,PARENTING
1837,IMPACT
5382,PARENTING
7553,IMPACT
3006,PARENTING
4524,PARENTING
817,IMPACT
3610,IMPACT
4550,IMPACT
5139,PARENTING
3380,PARENTING
3299,IMPACT
5643,IMPACT
4126,IMPACT
3447,IMPACT
7872,PARENTING
4538,PARENTING
3397,PARENTING
2010,PARENTING
1257,IMPACT
98,PARENTING
3469,PARENTING
7344,IMPACT
7497,IMPACT
5403,IMPACT
1114,PARENTING
6754,PARENTING
7250,PARENTING
4462,PARENTING
5364,PARENTING
5270,PARENTING
5765,IMPACT
7406,PARENTING
1239,PARENTING
5069,PARENTING
2968,PARENTING
5936,PARENTING
947,PARENTING
5437,IMPACT
3644,PARENTING
2456,IMPACT
1728,PARENTING
6893,IMPACT
